delivery_id,ship_date,region,carrier,route_type,distance_miles,promised_days,actual_days,late_delivery,delay_days
80001,2025-10-20,South,FedEx,Urban,542.4,2,1,0,0
80002,2025-02-07,Northeast,USPS,Suburban,72.2,2,2,0,0
80003,2025-08-20,West,UPS,Suburban,357.8,3,5,1,2
80004,2025-12-21,Midwest,UPS,Urban,227.9,2,4,1,2
80005,2025-06-17,South,FedEx,Suburban,478.3,3,4,1,1
80006,2025-10-12,Midwest,DHL,Suburban,638.7,2,4,1,2
80007,2025-04-13,South,UPS,Suburban,739.2,5,5,0,0
80008,2025-05-25,South,FedEx,Rural,771.3,3,4,1,1
80009,2025-08-31,West,FedEx,Urban,284.2,3,3,0,0
80010,2025-05-28,Northeast,USPS,Rural,685.4,2,4,1,2
80011,2025-06-02,Northeast,UPS,Rural,475.6,5,9,1,4
80012,2025-11-12,Northeast,USPS,Urban,555.3,1,2,1,1
80013,2025-11-15,West,DHL,Rural,681.6,2,2,0,0
80014,2025-10-22,West,DHL,Suburban,108.4,1,1,0,0
80015,2025-05-06,Northeast,USPS,Rural,758.2,5,5,0,0
80016,2025-07-11,Midwest,USPS,Suburban,440.2,5,5,0,0
80017,2025-03-24,Midwest,UPS,Urban,272.1,5,4,0,0
80018,2025-01-21,West,UPS,Suburban,274.3,3,4,1,1
80019,2025-10-15,Midwest,UPS,Urban,602.0,1,1,0,0
80020,2025-10-11,Northeast,DHL,Urban,544.5,5,6,1,1
80021,2025-12-25,South,USPS,Suburban,584.9,2,3,1,1
80022,2025-09-25,Midwest,FedEx,Rural,206.1,2,2,0,0
80023,2025-05-01,Northeast,USPS,Suburban,140.3,2,3,1,1
80024,2025-04-21,Northeast,FedEx,Suburban,578.9,2,3,1,1
80025,2025-03-20,Northeast,UPS,Urban,242.3,3,4,1,1
80026,2025-12-14,Midwest,UPS,Suburban,181.8,2,3,1,1
80027,2025-03-26,South,USPS,Suburban,175.6,2,1,0,0
80028,2025-03-21,Midwest,FedEx,Urban,123.0,3,4,1,1
80029,2025-05-31,Northeast,DHL,Urban,344.3,2,2,0,0
80030,2025-09-01,Northeast,UPS,Suburban,212.5,1,2,1,1
80031,2025-08-06,Northeast,UPS,Urban,715.6,5,4,0,0
80032,2025-01-15,West,USPS,Urban,552.9,2,1,0,0
80033,2025-04-11,Midwest,USPS,Rural,596.4,3,2,0,0
80034,2025-09-25,South,DHL,Rural,325.9,2,1,0,0
80035,2025-02-04,Midwest,USPS,Suburban,482.2,1,1,0,0
80036,2025-12-17,Northeast,DHL,Suburban,403.1,3,5,1,2
80037,2025-10-10,Northeast,FedEx,Urban,138.1,2,3,1,1
80038,2025-05-05,West,DHL,Urban,43.0,2,2,0,0
80039,2025-08-12,Northeast,FedEx,Rural,548.4,1,2,1,1
80040,2025-06-10,Midwest,UPS,Suburban,101.3,1,1,0,0
80041,2025-01-13,Midwest,USPS,Suburban,50.6,2,3,1,1
80042,2025-06-14,Midwest,UPS,Urban,356.3,1,2,1,1
80043,2025-09-15,Northeast,DHL,Rural,591.7,2,3,1,1
80044,2025-10-20,West,DHL,Urban,616.3,5,5,0,0
80045,2025-04-24,Midwest,DHL,Urban,699.4,1,1,0,0
80046,2025-04-30,South,FedEx,Urban,163.4,2,3,1,1
80047,2025-03-10,South,UPS,Suburban,788.6,3,3,0,0
80048,2025-10-01,South,UPS,Suburban,611.8,5,7,1,2
80049,2025-02-17,Midwest,DHL,Suburban,130.0,1,3,1,2
80050,2025-12-03,West,USPS,Urban,673.4,2,4,1,2
80051,2025-11-18,Northeast,UPS,Rural,401.7,2,3,1,1
80052,2025-12-28,West,USPS,Rural,57.9,2,3,1,1
80053,2025-02-27,Northeast,UPS,Urban,110.0,2,3,1,1
80054,2025-03-19,Northeast,DHL,Rural,349.9,2,4,1,2
80055,2025-07-23,Northeast,DHL,Rural,426.8,2,5,1,3
80056,2025-08-13,Northeast,UPS,Urban,758.3,1,2,1,1
80057,2025-09-20,Midwest,FedEx,Urban,176.5,2,1,0,0
80058,2025-04-13,South,FedEx,Rural,381.9,3,3,0,0
80059,2025-04-19,Midwest,UPS,Urban,184.6,2,2,0,0
80060,2025-09-22,West,DHL,Urban,448.9,2,3,1,1
80061,2025-11-21,Northeast,UPS,Suburban,727.9,2,5,1,3
80062,2025-02-25,Midwest,USPS,Suburban,456.4,1,1,0,0
80063,2025-11-08,Midwest,DHL,Suburban,410.5,3,4,1,1
80064,2025-09-09,Midwest,FedEx,Suburban,601.4,5,4,0,0
80065,2025-10-27,Northeast,FedEx,Suburban,122.4,2,2,0,0
80066,2025-03-13,Northeast,UPS,Urban,725.0,2,3,1,1
80067,2025-05-21,Northeast,USPS,Urban,464.2,3,1,0,0
80068,2025-06-29,Midwest,DHL,Urban,550.6,1,2,1,1
80069,2025-07-22,Midwest,FedEx,Rural,656.1,5,6,1,1
80070,2025-09-28,West,UPS,Rural,509.9,1,2,1,1
80071,2025-04-20,South,UPS,Suburban,514.8,3,3,0,0
80072,2025-03-23,South,DHL,Urban,585.0,2,3,1,1
80073,2025-03-25,Northeast,UPS,Rural,46.5,2,4,1,2
80074,2025-09-14,South,UPS,Urban,308.9,1,2,1,1
80075,2025-07-12,Northeast,UPS,Urban,770.5,3,4,1,1
80076,2025-05-19,Northeast,FedEx,Rural,210.1,3,5,1,2
80077,2025-08-09,Midwest,FedEx,Suburban,436.1,5,5,0,0
80078,2025-07-08,South,USPS,Urban,144.5,2,2,0,0
80079,2025-12-15,West,DHL,Rural,262.0,3,5,1,2
80080,2025-12-10,Northeast,DHL,Rural,575.1,2,2,0,0
80081,2025-12-06,Northeast,DHL,Urban,516.3,3,4,1,1
80082,2025-07-16,West,DHL,Rural,334.4,2,4,1,2
80083,2025-10-28,South,UPS,Suburban,750.8,3,2,0,0
80084,2025-03-15,West,DHL,Urban,621.2,3,2,0,0
80085,2025-07-17,South,USPS,Rural,218.0,5,7,1,2
80086,2025-11-20,South,DHL,Urban,375.0,2,3,1,1
80087,2025-09-17,South,DHL,Urban,703.0,2,3,1,1
80088,2025-07-18,South,UPS,Urban,22.9,3,3,0,0
80089,2025-10-31,South,UPS,Suburban,467.3,5,7,1,2
80090,2025-12-19,South,UPS,Urban,189.4,2,3,1,1
80091,2025-05-17,Northeast,USPS,Rural,55.7,5,7,1,2
80092,2025-12-12,Midwest,UPS,Suburban,730.7,5,5,0,0
80093,2025-06-24,Northeast,DHL,Urban,653.9,2,3,1,1
80094,2025-11-12,Northeast,USPS,Suburban,152.3,3,3,0,0
80095,2025-11-04,West,FedEx,Suburban,670.4,3,3,0,0
80096,2025-12-08,Midwest,UPS,Urban,121.4,3,2,0,0
80097,2025-12-19,Midwest,USPS,Urban,383.5,2,3,1,1
80098,2025-10-31,Midwest,FedEx,Suburban,582.0,2,1,0,0
80099,2025-05-13,South,UPS,Urban,429.4,1,1,0,0
80100,2025-01-27,South,FedEx,Rural,681.4,3,3,0,0
80101,2025-09-14,South,UPS,Urban,495.4,5,3,0,0
80102,2025-02-20,Northeast,USPS,Urban,348.4,3,3,0,0
80103,2025-05-24,Midwest,UPS,Urban,740.5,1,1,0,0
80104,2025-12-21,Midwest,UPS,Suburban,33.9,5,6,1,1
80105,2025-12-22,Northeast,USPS,Urban,393.3,1,1,0,0
80106,2025-08-24,South,USPS,Urban,530.3,5,7,1,2
80107,2025-06-09,West,DHL,Urban,669.7,3,6,1,3
80108,2025-12-25,Midwest,DHL,Suburban,435.2,3,5,1,2
80109,2025-10-30,Northeast,USPS,Urban,709.0,3,3,0,0
80110,2025-09-28,South,UPS,Urban,343.9,1,2,1,1
80111,2025-06-03,Northeast,FedEx,Urban,257.1,2,4,1,2
80112,2025-02-06,West,USPS,Rural,779.2,2,2,0,0
80113,2025-08-05,West,FedEx,Rural,535.4,3,5,1,2
80114,2025-05-10,South,DHL,Suburban,343.5,2,4,1,2
80115,2025-03-17,Northeast,DHL,Urban,703.2,3,3,0,0
80116,2025-10-15,South,USPS,Urban,548.0,5,6,1,1
80117,2025-07-16,Northeast,USPS,Suburban,512.2,2,5,1,3
80118,2025-11-07,Northeast,UPS,Suburban,584.2,3,3,0,0
80119,2025-08-05,West,DHL,Urban,591.9,5,5,0,0
80120,2025-04-09,Northeast,DHL,Urban,396.9,1,2,1,1
80121,2025-11-08,Northeast,USPS,Suburban,338.3,3,2,0,0
80122,2025-10-12,West,FedEx,Urban,727.9,2,2,0,0
80123,2025-08-18,Midwest,UPS,Urban,400.3,2,1,0,0
80124,2025-04-19,Midwest,USPS,Urban,176.6,5,3,0,0
80125,2025-12-06,Midwest,FedEx,Urban,419.7,5,6,1,1
80126,2025-06-13,Midwest,UPS,Urban,32.4,2,1,0,0
80127,2025-04-26,Northeast,FedEx,Urban,580.0,1,1,0,0
80128,2025-03-12,Midwest,UPS,Urban,106.0,5,7,1,2
80129,2025-08-02,Midwest,UPS,Urban,93.8,5,6,1,1
80130,2025-12-04,Northeast,UPS,Urban,757.4,3,3,0,0
80131,2025-02-22,Midwest,DHL,Urban,619.2,1,1,0,0
80132,2025-03-26,Midwest,USPS,Urban,334.3,3,5,1,2
80133,2025-12-08,South,DHL,Suburban,195.5,2,5,1,3
80134,2025-03-17,Midwest,DHL,Rural,675.6,5,7,1,2
80135,2025-09-24,South,UPS,Rural,775.0,2,1,0,0
80136,2025-09-05,Midwest,USPS,Suburban,409.1,3,3,0,0
80137,2025-11-28,Northeast,USPS,Suburban,466.2,2,1,0,0
80138,2025-10-13,Midwest,USPS,Urban,198.2,2,2,0,0
80139,2025-03-20,West,USPS,Rural,473.5,3,5,1,2
80140,2025-04-17,Northeast,UPS,Suburban,323.5,2,3,1,1
80141,2025-03-23,Midwest,USPS,Rural,677.2,3,2,0,0
80142,2025-07-21,Midwest,FedEx,Urban,304.8,3,3,0,0
80143,2025-08-18,Northeast,FedEx,Urban,520.8,1,3,1,2
80144,2025-08-15,West,DHL,Urban,166.8,3,5,1,2
80145,2025-01-20,Northeast,UPS,Rural,77.1,3,6,1,3
80146,2025-09-25,West,DHL,Urban,37.1,2,1,0,0
80147,2025-11-19,Northeast,DHL,Suburban,335.4,2,2,0,0
80148,2025-06-27,Northeast,USPS,Urban,135.0,1,1,0,0
80149,2025-05-20,South,FedEx,Rural,794.8,2,4,1,2
80150,2025-11-06,South,FedEx,Urban,639.7,2,2,0,0
80151,2025-03-21,Northeast,USPS,Rural,556.2,5,5,0,0
80152,2025-07-01,South,USPS,Urban,643.6,3,5,1,2
80153,2025-03-15,Midwest,UPS,Suburban,213.9,2,2,0,0
80154,2025-05-27,Midwest,FedEx,Urban,704.0,3,5,1,2
80155,2025-08-21,Midwest,DHL,Rural,796.5,3,3,0,0
80156,2025-05-22,South,DHL,Suburban,235.4,2,3,1,1
80157,2025-05-30,South,UPS,Urban,787.8,1,1,0,0
80158,2025-05-12,Midwest,FedEx,Suburban,259.7,3,2,0,0
80159,2025-08-27,Northeast,USPS,Urban,14.3,1,3,1,2
80160,2025-11-11,Midwest,DHL,Urban,296.9,3,3,0,0
80161,2025-06-11,South,FedEx,Suburban,798.0,2,3,1,1
80162,2025-11-16,West,FedEx,Suburban,509.9,3,2,0,0
80163,2025-09-07,Midwest,FedEx,Suburban,557.9,3,2,0,0
80164,2025-05-08,Midwest,USPS,Suburban,194.5,1,3,1,2
80165,2025-10-01,South,DHL,Suburban,121.0,2,3,1,1
80166,2025-03-23,South,USPS,Rural,709.0,3,4,1,1
80167,2025-08-20,South,FedEx,Urban,333.6,3,3,0,0
80168,2025-01-31,South,FedEx,Suburban,8.3,3,3,0,0
80169,2025-08-22,Midwest,DHL,Rural,238.9,5,7,1,2
80170,2025-03-25,South,DHL,Suburban,160.6,1,3,1,2
80171,2025-02-11,West,USPS,Urban,485.0,1,2,1,1
80172,2025-07-21,Northeast,USPS,Suburban,606.1,3,4,1,1
80173,2025-09-08,South,USPS,Rural,400.5,2,3,1,1
80174,2025-03-26,South,FedEx,Suburban,152.8,2,3,1,1
80175,2025-07-02,Midwest,DHL,Urban,51.1,3,6,1,3
80176,2025-09-23,Northeast,UPS,Suburban,254.3,5,5,0,0
80177,2025-03-12,Northeast,DHL,Urban,645.7,1,2,1,1
80178,2025-01-22,Northeast,DHL,Urban,338.5,1,3,1,2
80179,2025-03-17,South,DHL,Suburban,205.5,3,6,1,3
80180,2025-09-26,Midwest,UPS,Urban,21.5,1,2,1,1
80181,2025-06-17,Midwest,USPS,Suburban,399.4,2,3,1,1
80182,2025-12-19,South,UPS,Suburban,549.4,3,3,0,0
80183,2025-12-17,Northeast,DHL,Rural,156.3,2,3,1,1
80184,2025-08-28,Northeast,DHL,Urban,432.1,2,2,0,0
80185,2025-02-20,Midwest,FedEx,Urban,339.5,2,4,1,2
80186,2025-03-24,West,DHL,Urban,564.6,2,4,1,2
80187,2025-12-18,South,UPS,Urban,689.2,3,2,0,0
80188,2025-03-31,West,UPS,Urban,249.1,2,2,0,0
80189,2025-01-13,West,UPS,Rural,724.3,2,2,0,0
80190,2025-06-06,Northeast,USPS,Urban,567.0,3,3,0,0
80191,2025-07-18,West,FedEx,Urban,34.5,5,5,0,0
80192,2025-06-03,South,USPS,Urban,634.0,5,4,0,0
80193,2025-07-17,Midwest,UPS,Urban,398.2,5,6,1,1
80194,2025-08-12,South,USPS,Urban,756.6,2,1,0,0
80195,2025-04-28,South,FedEx,Suburban,262.3,2,3,1,1
80196,2025-05-31,South,FedEx,Rural,475.0,3,4,1,1
80197,2025-09-01,South,FedEx,Suburban,765.1,2,1,0,0
80198,2025-03-16,West,FedEx,Suburban,220.6,3,2,0,0
80199,2025-08-01,Northeast,UPS,Suburban,380.2,1,2,1,1
80200,2025-10-02,Midwest,DHL,Urban,603.2,2,2,0,0
80201,2025-12-20,Northeast,UPS,Suburban,554.4,2,4,1,2
80202,2025-09-01,West,UPS,Urban,671.8,2,1,0,0
80203,2025-06-27,Northeast,UPS,Suburban,418.2,3,2,0,0
80204,2025-04-18,Northeast,UPS,Urban,258.5,3,3,0,0
80205,2025-10-18,West,USPS,Rural,430.4,1,2,1,1
80206,2025-06-26,Northeast,FedEx,Suburban,283.2,5,6,1,1
80207,2025-06-23,Midwest,DHL,Urban,145.3,2,2,0,0
80208,2025-04-03,West,DHL,Suburban,446.2,5,5,0,0
80209,2025-04-10,Midwest,DHL,Urban,43.5,3,3,0,0
80210,2025-06-30,Northeast,UPS,Urban,34.1,3,3,0,0
80211,2025-06-08,South,FedEx,Urban,56.3,5,5,0,0
80212,2025-04-06,South,FedEx,Urban,539.7,3,3,0,0
80213,2025-08-20,West,DHL,Urban,328.6,1,1,0,0
80214,2025-09-08,South,DHL,Urban,397.8,1,2,1,1
80215,2025-12-06,South,UPS,Urban,278.0,2,2,0,0
80216,2025-03-08,South,DHL,Urban,206.6,2,2,0,0
80217,2025-08-25,West,UPS,Urban,289.9,3,5,1,2
80218,2025-01-19,Midwest,DHL,Urban,158.7,3,4,1,1
80219,2025-10-14,South,FedEx,Rural,544.6,2,3,1,1
80220,2025-10-15,West,FedEx,Rural,85.9,2,4,1,2
80221,2025-07-26,Midwest,FedEx,Rural,415.9,3,3,0,0
80222,2025-11-07,West,USPS,Urban,384.1,2,3,1,1
80223,2025-04-13,South,DHL,Suburban,245.0,3,4,1,1
80224,2025-06-08,South,USPS,Suburban,86.3,2,1,0,0
80225,2025-07-14,Northeast,FedEx,Urban,564.2,2,4,1,2
80226,2025-02-20,Northeast,DHL,Rural,457.8,5,6,1,1
80227,2025-08-12,Northeast,USPS,Rural,648.5,2,4,1,2
80228,2025-07-21,Midwest,FedEx,Suburban,192.2,3,5,1,2
80229,2025-04-02,West,FedEx,Urban,634.3,2,2,0,0
80230,2025-06-04,Midwest,DHL,Suburban,237.1,2,2,0,0
80231,2025-06-25,Northeast,DHL,Urban,94.5,5,6,1,1
80232,2025-04-20,Northeast,UPS,Urban,112.3,3,6,1,3
80233,2025-10-26,South,DHL,Suburban,180.7,5,5,0,0
80234,2025-08-11,Midwest,FedEx,Urban,547.5,5,5,0,0
80235,2025-06-28,South,UPS,Urban,198.9,1,3,1,2
80236,2025-08-14,South,UPS,Urban,485.1,5,3,0,0
80237,2025-03-16,West,DHL,Suburban,208.9,1,1,0,0
80238,2025-03-12,Northeast,FedEx,Rural,295.4,1,1,0,0
80239,2025-11-24,South,USPS,Suburban,712.3,3,4,1,1
80240,2025-07-28,South,FedEx,Urban,402.8,2,3,1,1
80241,2025-04-13,Northeast,FedEx,Suburban,482.2,5,4,0,0
80242,2025-02-10,Northeast,DHL,Suburban,155.5,2,3,1,1
80243,2025-11-30,West,USPS,Rural,109.5,2,2,0,0
80244,2025-10-07,West,UPS,Suburban,333.5,1,1,0,0
80245,2025-01-30,South,USPS,Urban,685.0,2,2,0,0
80246,2025-08-31,South,DHL,Urban,196.5,2,3,1,1
80247,2025-02-21,South,FedEx,Rural,499.2,1,1,0,0
80248,2025-02-26,Midwest,FedEx,Urban,698.3,3,1,0,0
80249,2025-07-09,West,USPS,Suburban,747.9,5,4,0,0
80250,2025-03-20,South,USPS,Urban,795.1,2,2,0,0
80251,2025-07-15,Northeast,DHL,Suburban,611.6,2,2,0,0
80252,2025-07-16,West,USPS,Urban,64.6,1,3,1,2
80253,2025-01-31,West,DHL,Urban,697.8,2,1,0,0
80254,2025-11-28,South,UPS,Urban,709.1,2,3,1,1
80255,2025-01-30,Midwest,USPS,Suburban,448.0,2,3,1,1
80256,2025-04-23,South,FedEx,Urban,58.6,3,4,1,1
80257,2025-05-18,Midwest,USPS,Suburban,383.9,1,2,1,1
80258,2025-08-10,Midwest,FedEx,Urban,172.5,1,1,0,0
80259,2025-06-21,Northeast,UPS,Suburban,356.5,5,6,1,1
80260,2025-06-04,South,UPS,Suburban,580.7,3,3,0,0
80261,2025-10-03,Midwest,USPS,Suburban,535.7,2,3,1,1
80262,2025-08-08,West,DHL,Urban,625.1,3,3,0,0
80263,2025-10-03,South,FedEx,Rural,383.8,3,4,1,1
80264,2025-01-12,Midwest,UPS,Urban,411.1,3,3,0,0
80265,2025-03-26,West,USPS,Urban,748.9,5,5,0,0
80266,2025-08-10,Northeast,UPS,Suburban,506.8,2,4,1,2
80267,2025-02-18,Northeast,USPS,Suburban,599.3,3,3,0,0
80268,2025-06-29,South,FedEx,Suburban,533.3,3,4,1,1
80269,2025-01-10,South,USPS,Suburban,514.2,3,4,1,1
80270,2025-09-18,South,FedEx,Suburban,731.3,5,6,1,1
80271,2025-11-16,South,UPS,Rural,288.4,2,3,1,1
80272,2025-07-05,South,FedEx,Suburban,345.0,3,3,0,0
80273,2025-08-17,Midwest,FedEx,Urban,306.9,5,5,0,0
80274,2025-06-07,West,DHL,Rural,613.3,3,6,1,3
80275,2025-09-30,South,UPS,Rural,695.4,1,3,1,2
80276,2025-11-19,West,FedEx,Urban,289.2,3,3,0,0
80277,2025-01-21,Midwest,DHL,Urban,118.2,3,3,0,0
80278,2025-01-16,Midwest,DHL,Suburban,397.8,2,3,1,1
80279,2025-10-10,Midwest,FedEx,Urban,787.5,2,1,0,0
80280,2025-04-25,South,USPS,Urban,166.9,5,5,0,0
80281,2025-01-06,Northeast,FedEx,Rural,364.3,3,2,0,0
80282,2025-10-25,Northeast,USPS,Urban,220.8,2,2,0,0
80283,2025-09-16,South,FedEx,Urban,738.5,5,7,1,2
80284,2025-02-09,South,UPS,Suburban,443.0,2,2,0,0
80285,2025-10-03,South,DHL,Urban,465.1,3,6,1,3
80286,2025-08-20,Midwest,FedEx,Rural,11.6,3,4,1,1
80287,2025-01-07,Northeast,FedEx,Urban,524.0,5,6,1,1
80288,2025-11-11,Northeast,FedEx,Suburban,248.6,2,2,0,0
80289,2025-04-03,West,USPS,Urban,413.2,5,3,0,0
80290,2025-11-04,West,UPS,Suburban,427.2,3,3,0,0
80291,2025-01-21,Northeast,UPS,Suburban,475.8,2,1,0,0
80292,2025-01-11,Northeast,FedEx,Rural,659.7,2,3,1,1
80293,2025-02-19,Midwest,DHL,Urban,242.7,3,5,1,2
80294,2025-09-22,West,DHL,Rural,208.6,3,4,1,1
80295,2025-02-14,South,FedEx,Suburban,637.7,5,6,1,1
80296,2025-10-12,Midwest,USPS,Rural,576.4,3,4,1,1
80297,2025-11-14,West,DHL,Urban,184.4,3,4,1,1
80298,2025-09-28,South,UPS,Suburban,5.7,3,6,1,3
80299,2025-10-02,South,DHL,Urban,534.4,2,4,1,2
80300,2025-02-04,Northeast,DHL,Urban,130.0,2,2,0,0
80301,2025-05-21,Northeast,FedEx,Suburban,765.8,2,4,1,2
80302,2025-05-24,South,DHL,Suburban,485.5,1,2,1,1
80303,2025-11-19,South,FedEx,Suburban,680.5,2,4,1,2
80304,2025-09-02,Northeast,UPS,Urban,645.5,3,2,0,0
80305,2025-12-17,Northeast,DHL,Urban,448.4,2,2,0,0
80306,2025-11-07,Northeast,FedEx,Urban,353.5,3,4,1,1
80307,2025-07-12,Northeast,FedEx,Rural,400.0,2,3,1,1
80308,2025-02-04,West,UPS,Urban,643.4,2,3,1,1
80309,2025-09-29,Northeast,DHL,Urban,514.2,2,2,0,0
80310,2025-06-27,Midwest,USPS,Urban,168.5,3,3,0,0
80311,2025-09-27,Midwest,DHL,Urban,489.4,2,2,0,0
80312,2025-11-14,Midwest,FedEx,Urban,326.7,2,1,0,0
80313,2025-05-31,Northeast,FedEx,Suburban,53.7,2,3,1,1
80314,2025-04-09,South,UPS,Suburban,308.1,3,3,0,0
80315,2025-01-29,South,UPS,Rural,185.9,3,3,0,0
80316,2025-05-30,West,USPS,Rural,671.7,2,1,0,0
80317,2025-07-27,Northeast,USPS,Rural,88.5,1,3,1,2
80318,2025-12-15,Midwest,FedEx,Urban,291.7,2,3,1,1
80319,2025-09-19,South,USPS,Urban,557.9,2,1,0,0
80320,2025-07-29,Northeast,USPS,Urban,718.4,5,6,1,1
80321,2025-03-30,Midwest,USPS,Suburban,271.6,2,2,0,0
80322,2025-08-25,Midwest,DHL,Suburban,487.1,2,3,1,1
80323,2025-09-05,Midwest,DHL,Suburban,302.1,2,2,0,0
80324,2025-09-15,Midwest,FedEx,Urban,166.3,3,3,0,0
80325,2025-07-11,Midwest,DHL,Urban,263.9,5,6,1,1
80326,2025-04-06,West,USPS,Suburban,510.5,1,1,0,0
80327,2025-02-05,Midwest,USPS,Urban,574.5,3,3,0,0
80328,2025-04-06,West,USPS,Suburban,299.6,2,2,0,0
80329,2025-02-06,Midwest,DHL,Rural,126.3,3,4,1,1
80330,2025-08-22,Midwest,UPS,Urban,115.9,2,2,0,0
80331,2025-04-12,Midwest,USPS,Suburban,651.0,1,1,0,0
80332,2025-06-29,Midwest,USPS,Suburban,524.4,3,3,0,0
80333,2025-11-21,West,UPS,Urban,583.8,3,4,1,1
80334,2025-03-11,Northeast,UPS,Urban,393.2,5,4,0,0
80335,2025-04-17,South,FedEx,Urban,368.6,3,6,1,3
80336,2025-09-28,West,FedEx,Suburban,172.9,1,1,0,0
80337,2025-12-20,West,DHL,Urban,138.8,2,3,1,1
80338,2025-02-16,West,UPS,Rural,127.4,3,5,1,2
80339,2025-04-18,Northeast,FedEx,Rural,793.5,2,3,1,1
80340,2025-12-30,South,USPS,Urban,657.6,3,4,1,1
80341,2025-03-10,Northeast,FedEx,Urban,502.8,1,2,1,1
80342,2025-11-04,South,USPS,Suburban,175.5,1,1,0,0
80343,2025-01-02,South,USPS,Rural,273.4,3,7,1,4
80344,2025-08-07,South,USPS,Urban,283.9,2,4,1,2
80345,2025-02-14,Northeast,DHL,Suburban,384.8,2,1,0,0
80346,2025-08-21,South,UPS,Rural,340.5,3,5,1,2
80347,2025-07-08,Midwest,DHL,Urban,747.7,1,1,0,0
80348,2025-12-14,West,FedEx,Urban,578.0,3,5,1,2
80349,2025-05-02,South,FedEx,Rural,69.7,1,2,1,1
80350,2025-03-06,West,UPS,Urban,291.2,3,1,0,0
80351,2025-05-29,Northeast,UPS,Urban,110.7,2,2,0,0
80352,2025-09-06,Northeast,FedEx,Urban,227.1,2,1,0,0
80353,2025-03-08,Midwest,UPS,Urban,767.3,3,3,0,0
80354,2025-12-16,South,UPS,Rural,565.7,3,3,0,0
80355,2025-02-28,West,USPS,Urban,11.2,2,3,1,1
80356,2025-04-25,West,DHL,Rural,266.4,1,2,1,1
80357,2025-04-26,West,DHL,Urban,353.8,5,6,1,1
80358,2025-08-25,Northeast,DHL,Urban,484.0,2,3,1,1
80359,2025-02-16,South,USPS,Suburban,402.3,2,5,1,3
80360,2025-04-19,Midwest,USPS,Rural,60.5,1,2,1,1
80361,2025-10-01,Midwest,UPS,Urban,414.9,5,6,1,1
80362,2025-04-23,Northeast,UPS,Suburban,108.6,1,2,1,1
80363,2025-02-02,South,USPS,Urban,417.8,2,2,0,0
80364,2025-10-07,Midwest,USPS,Rural,200.6,2,2,0,0
80365,2025-10-19,Midwest,FedEx,Rural,119.6,3,4,1,1
80366,2025-11-12,Northeast,USPS,Suburban,233.9,2,2,0,0
80367,2025-06-11,West,USPS,Suburban,84.2,2,3,1,1
80368,2025-03-31,Midwest,DHL,Urban,230.8,2,3,1,1
80369,2025-02-20,Northeast,FedEx,Urban,694.2,2,3,1,1
80370,2025-05-24,Midwest,DHL,Urban,249.2,5,5,0,0
80371,2025-04-14,Midwest,DHL,Urban,378.8,3,3,0,0
80372,2025-06-19,Northeast,FedEx,Suburban,418.2,2,3,1,1
80373,2025-01-16,Northeast,FedEx,Urban,146.7,3,3,0,0
80374,2025-05-13,South,FedEx,Urban,356.2,3,4,1,1
80375,2025-06-19,Midwest,UPS,Rural,683.1,3,5,1,2
80376,2025-01-30,West,FedEx,Rural,69.0,2,3,1,1
80377,2025-06-09,West,DHL,Suburban,738.6,1,1,0,0
80378,2025-05-27,South,FedEx,Suburban,697.5,1,1,0,0
80379,2025-11-03,South,UPS,Urban,685.4,2,1,0,0
80380,2025-08-25,Northeast,DHL,Urban,162.8,2,1,0,0
80381,2025-06-24,West,FedEx,Urban,390.0,5,6,1,1
80382,2025-03-13,Midwest,FedEx,Rural,494.8,3,4,1,1
80383,2025-12-29,Northeast,DHL,Suburban,84.5,1,1,0,0
80384,2025-05-07,Midwest,DHL,Suburban,447.7,3,4,1,1
80385,2025-07-15,West,FedEx,Urban,672.8,3,5,1,2
80386,2025-07-04,Northeast,UPS,Urban,749.6,2,2,0,0
80387,2025-05-30,Midwest,DHL,Urban,226.3,2,3,1,1
80388,2025-08-02,South,USPS,Rural,234.5,3,4,1,1
80389,2025-04-04,Midwest,FedEx,Urban,220.2,2,1,0,0
80390,2025-02-27,Midwest,DHL,Urban,127.0,2,1,0,0
80391,2025-08-07,Northeast,DHL,Urban,347.4,2,2,0,0
80392,2025-08-07,West,FedEx,Suburban,628.7,2,3,1,1
80393,2025-01-13,Midwest,FedEx,Suburban,571.1,3,4,1,1
80394,2025-10-10,Midwest,FedEx,Suburban,720.8,2,2,0,0
80395,2025-05-20,Midwest,UPS,Urban,287.8,3,2,0,0
80396,2025-10-01,Midwest,USPS,Suburban,459.9,1,1,0,0
80397,2025-04-29,South,DHL,Suburban,614.4,2,1,0,0
80398,2025-09-28,West,FedEx,Rural,719.0,3,4,1,1
80399,2025-04-07,West,FedEx,Urban,698.0,3,4,1,1
80400,2025-11-26,Northeast,UPS,Rural,375.1,5,6,1,1
80401,2025-02-16,Midwest,USPS,Suburban,726.0,3,3,0,0
80402,2025-06-01,Northeast,DHL,Urban,358.0,3,4,1,1
80403,2025-06-22,South,USPS,Suburban,722.8,3,2,0,0
80404,2025-10-02,South,USPS,Suburban,622.7,2,2,0,0
80405,2025-12-13,Midwest,FedEx,Urban,181.2,3,2,0,0
80406,2025-08-25,Northeast,FedEx,Suburban,744.1,2,2,0,0
80407,2025-01-31,Northeast,FedEx,Suburban,197.8,2,2,0,0
80408,2025-08-01,West,UPS,Suburban,727.2,1,1,0,0
80409,2025-09-29,Northeast,UPS,Suburban,494.0,3,3,0,0
80410,2025-03-19,South,UPS,Suburban,535.6,5,6,1,1
80411,2025-10-06,South,FedEx,Urban,91.9,1,1,0,0
80412,2025-02-10,Midwest,FedEx,Urban,57.3,3,2,0,0
80413,2025-05-26,Northeast,FedEx,Suburban,774.8,5,6,1,1
80414,2025-01-12,Northeast,USPS,Urban,272.9,3,4,1,1
80415,2025-09-05,South,UPS,Urban,676.3,3,3,0,0
80416,2025-08-17,Midwest,UPS,Urban,565.1,1,1,0,0
80417,2025-11-27,West,USPS,Urban,485.3,2,1,0,0
80418,2025-06-28,West,DHL,Suburban,549.7,2,2,0,0
80419,2025-12-07,Midwest,USPS,Suburban,76.1,5,6,1,1
80420,2025-06-09,Midwest,USPS,Suburban,332.9,3,2,0,0
80421,2025-08-09,West,FedEx,Urban,487.6,5,6,1,1
80422,2025-11-23,South,DHL,Urban,694.7,2,3,1,1
80423,2025-06-13,Northeast,USPS,Suburban,573.2,3,3,0,0
80424,2025-06-17,West,DHL,Rural,206.0,3,4,1,1
80425,2025-08-07,Midwest,DHL,Rural,788.0,3,4,1,1
80426,2025-03-11,Midwest,FedEx,Suburban,516.2,5,6,1,1
80427,2025-09-17,Northeast,DHL,Suburban,403.5,2,3,1,1
80428,2025-03-04,Midwest,FedEx,Suburban,626.2,1,2,1,1
80429,2025-09-03,South,UPS,Urban,484.1,2,2,0,0
80430,2025-02-19,Midwest,USPS,Suburban,569.4,1,1,0,0
80431,2025-10-13,Northeast,FedEx,Urban,495.6,1,2,1,1
80432,2025-08-22,West,FedEx,Urban,147.2,2,1,0,0
80433,2025-01-16,South,USPS,Suburban,437.0,2,1,0,0
80434,2025-01-04,Midwest,FedEx,Rural,230.1,3,7,1,4
80435,2025-10-09,Northeast,DHL,Urban,458.4,3,4,1,1
80436,2025-06-06,West,FedEx,Suburban,104.8,2,2,0,0
80437,2025-08-08,West,FedEx,Urban,189.4,2,2,0,0
80438,2025-12-14,Northeast,DHL,Urban,647.9,3,2,0,0
80439,2025-12-30,West,USPS,Suburban,327.2,2,2,0,0
80440,2025-02-20,West,FedEx,Rural,540.7,1,2,1,1
80441,2025-02-11,West,UPS,Urban,400.8,3,4,1,1
80442,2025-05-15,West,USPS,Suburban,275.9,2,1,0,0
80443,2025-10-01,Northeast,UPS,Urban,398.7,2,1,0,0
80444,2025-09-16,Northeast,UPS,Rural,651.9,2,3,1,1
80445,2025-07-10,Midwest,UPS,Suburban,228.9,2,3,1,1
80446,2025-09-13,Midwest,FedEx,Suburban,340.0,3,4,1,1
80447,2025-08-24,South,DHL,Rural,166.1,2,5,1,3
80448,2025-10-03,West,FedEx,Urban,284.2,3,3,0,0
80449,2025-12-20,West,UPS,Urban,708.7,2,3,1,1
80450,2025-03-14,South,UPS,Suburban,629.6,3,2,0,0
80451,2025-03-15,Northeast,DHL,Suburban,302.0,5,3,0,0
80452,2025-05-03,Northeast,USPS,Suburban,110.3,1,1,0,0
80453,2025-03-11,South,UPS,Urban,338.9,1,1,0,0
80454,2025-03-20,Midwest,FedEx,Suburban,618.5,1,4,1,3
80455,2025-09-05,Midwest,UPS,Suburban,39.8,1,1,0,0
80456,2025-07-06,West,UPS,Urban,597.5,2,3,1,1
80457,2025-05-21,Midwest,USPS,Suburban,545.5,3,3,0,0
80458,2025-10-25,Northeast,DHL,Urban,56.4,5,6,1,1
80459,2025-02-13,South,UPS,Rural,510.3,2,3,1,1
80460,2025-09-04,South,USPS,Urban,242.4,3,2,0,0
80461,2025-12-02,South,USPS,Urban,145.9,3,5,1,2
80462,2025-08-14,Midwest,UPS,Urban,311.0,2,3,1,1
80463,2025-03-08,South,UPS,Urban,168.3,3,3,0,0
80464,2025-10-03,South,DHL,Suburban,660.5,3,4,1,1
80465,2025-09-10,Midwest,FedEx,Rural,594.9,3,4,1,1
80466,2025-10-30,Northeast,FedEx,Suburban,784.7,2,1,0,0
80467,2025-10-07,West,DHL,Urban,429.6,2,3,1,1
80468,2025-06-28,Northeast,USPS,Urban,75.9,3,6,1,3
80469,2025-10-06,Midwest,USPS,Urban,297.4,1,2,1,1
80470,2025-05-09,South,DHL,Suburban,671.7,3,4,1,1
80471,2025-04-25,West,FedEx,Urban,320.5,1,2,1,1
80472,2025-11-18,Northeast,USPS,Suburban,367.3,2,2,0,0
80473,2025-10-01,West,FedEx,Urban,332.5,2,1,0,0
80474,2025-07-21,Northeast,USPS,Suburban,192.1,1,1,0,0
80475,2025-04-27,Northeast,FedEx,Suburban,63.2,2,2,0,0
80476,2025-02-04,Midwest,DHL,Urban,148.5,5,6,1,1
80477,2025-04-16,Northeast,FedEx,Rural,294.3,1,4,1,3
80478,2025-09-06,South,USPS,Urban,200.1,1,1,0,0
80479,2025-06-01,Midwest,USPS,Suburban,460.3,3,4,1,1
80480,2025-05-21,West,USPS,Rural,493.1,2,1,0,0
80481,2025-10-22,Midwest,UPS,Urban,458.2,2,2,0,0
80482,2025-06-11,Northeast,UPS,Urban,72.5,2,2,0,0
80483,2025-05-27,West,USPS,Suburban,535.2,2,4,1,2
80484,2025-09-13,South,DHL,Urban,310.7,2,2,0,0
80485,2025-04-01,Midwest,USPS,Suburban,703.1,3,3,0,0
80486,2025-08-06,Northeast,DHL,Rural,422.9,1,3,1,2
80487,2025-05-19,West,USPS,Suburban,72.2,5,5,0,0
80488,2025-06-26,South,USPS,Suburban,12.3,1,1,0,0
80489,2025-10-18,South,DHL,Suburban,563.5,3,2,0,0
80490,2025-12-06,Midwest,FedEx,Rural,323.4,3,5,1,2
80491,2025-03-17,West,UPS,Suburban,234.0,2,1,0,0
80492,2025-02-26,Northeast,USPS,Rural,360.5,1,3,1,2
80493,2025-01-28,West,DHL,Suburban,62.6,5,4,0,0
80494,2025-11-18,South,DHL,Urban,316.6,3,3,0,0
80495,2025-11-17,West,UPS,Urban,255.2,2,1,0,0
80496,2025-05-30,Midwest,UPS,Rural,641.2,1,2,1,1
80497,2025-11-03,West,FedEx,Urban,144.0,5,7,1,2
80498,2025-12-13,West,USPS,Suburban,606.3,2,2,0,0
80499,2025-07-18,Midwest,UPS,Suburban,402.8,2,1,0,0
80500,2025-06-13,West,FedEx,Rural,70.1,5,6,1,1
80501,2025-07-01,Midwest,USPS,Suburban,775.9,2,2,0,0
80502,2025-08-28,Midwest,USPS,Suburban,588.7,2,3,1,1
80503,2025-08-30,Midwest,DHL,Rural,211.8,3,3,0,0
80504,2025-03-07,South,UPS,Rural,467.5,3,4,1,1
80505,2025-06-20,West,FedEx,Urban,720.4,1,3,1,2
80506,2025-05-13,Midwest,FedEx,Rural,745.0,5,5,0,0
80507,2025-03-22,Northeast,DHL,Urban,586.3,5,6,1,1
80508,2025-06-14,Northeast,FedEx,Suburban,583.5,2,1,0,0
80509,2025-03-04,South,FedEx,Urban,225.5,2,4,1,2
80510,2025-12-21,Midwest,USPS,Suburban,791.9,5,7,1,2
80511,2025-02-20,Midwest,UPS,Rural,198.6,2,2,0,0
80512,2025-03-13,South,DHL,Suburban,76.1,2,3,1,1
80513,2025-02-12,West,UPS,Suburban,782.0,3,4,1,1
80514,2025-11-19,Midwest,FedEx,Urban,126.5,3,4,1,1
80515,2025-11-17,Midwest,FedEx,Rural,419.7,3,4,1,1
80516,2025-11-14,Northeast,FedEx,Urban,377.3,3,3,0,0
80517,2025-08-04,Midwest,UPS,Urban,679.3,2,1,0,0
80518,2025-07-10,South,DHL,Suburban,320.3,3,3,0,0
80519,2025-06-07,Northeast,DHL,Urban,404.2,1,2,1,1
80520,2025-03-31,South,USPS,Suburban,39.8,2,4,1,2
80521,2025-04-14,South,DHL,Urban,170.2,2,3,1,1
80522,2025-02-20,Midwest,USPS,Urban,667.2,2,1,0,0
80523,2025-09-11,West,FedEx,Rural,385.3,2,2,0,0
80524,2025-04-17,Midwest,DHL,Rural,188.6,2,2,0,0
80525,2025-10-21,West,USPS,Rural,298.3,3,2,0,0
80526,2025-08-24,Northeast,USPS,Suburban,231.7,2,1,0,0
80527,2025-11-19,South,UPS,Urban,447.2,2,1,0,0
80528,2025-11-29,South,FedEx,Suburban,45.9,2,3,1,1
80529,2025-12-22,Midwest,DHL,Suburban,183.9,5,4,0,0
80530,2025-04-15,West,DHL,Urban,287.2,3,4,1,1
80531,2025-09-12,South,DHL,Urban,742.9,1,1,0,0
80532,2025-10-31,South,USPS,Urban,500.5,5,7,1,2
80533,2025-01-20,West,DHL,Urban,405.9,1,1,0,0
80534,2025-12-25,South,DHL,Urban,156.7,3,3,0,0
80535,2025-03-13,South,DHL,Urban,448.5,3,3,0,0
80536,2025-04-27,South,FedEx,Rural,743.6,1,1,0,0
80537,2025-05-10,West,FedEx,Urban,455.2,2,2,0,0
80538,2025-04-30,West,USPS,Suburban,136.0,3,4,1,1
80539,2025-08-01,Northeast,UPS,Suburban,797.7,2,2,0,0
80540,2025-08-17,South,DHL,Rural,401.6,2,2,0,0
80541,2025-07-02,South,DHL,Suburban,259.0,3,4,1,1
80542,2025-05-14,Northeast,USPS,Urban,405.2,1,1,0,0
80543,2025-12-05,West,DHL,Urban,214.6,3,2,0,0
80544,2025-08-19,West,UPS,Suburban,29.1,1,1,0,0
80545,2025-12-30,Midwest,USPS,Urban,712.2,2,3,1,1
80546,2025-12-06,West,FedEx,Urban,346.0,3,2,0,0
80547,2025-09-03,Midwest,UPS,Urban,603.5,5,6,1,1
80548,2025-09-09,Northeast,DHL,Urban,777.1,3,1,0,0
80549,2025-08-13,West,UPS,Urban,507.9,2,3,1,1
80550,2025-06-06,Northeast,FedEx,Urban,554.8,5,7,1,2
80551,2025-04-29,Midwest,USPS,Urban,754.9,2,3,1,1
80552,2025-04-04,South,UPS,Rural,415.7,2,3,1,1
80553,2025-08-16,South,USPS,Rural,259.3,5,5,0,0
80554,2025-12-31,Northeast,USPS,Urban,737.5,1,1,0,0
80555,2025-07-05,South,DHL,Urban,59.9,3,2,0,0
80556,2025-11-30,Northeast,DHL,Rural,175.6,5,5,0,0
80557,2025-07-04,Midwest,USPS,Suburban,276.3,1,2,1,1
80558,2025-10-07,South,FedEx,Rural,626.8,2,3,1,1
80559,2025-08-18,Midwest,USPS,Urban,723.6,1,2,1,1
80560,2025-09-22,West,FedEx,Suburban,364.2,5,9,1,4
80561,2025-06-07,South,UPS,Rural,232.5,3,6,1,3
80562,2025-12-18,South,USPS,Suburban,285.8,2,2,0,0
80563,2025-03-18,South,UPS,Suburban,527.0,2,2,0,0
80564,2025-03-23,Northeast,USPS,Suburban,130.6,2,3,1,1
80565,2025-06-30,West,UPS,Rural,440.2,3,5,1,2
80566,2025-12-08,West,FedEx,Rural,472.8,2,4,1,2
80567,2025-07-15,West,UPS,Urban,567.7,2,4,1,2
80568,2025-03-01,Midwest,UPS,Urban,485.1,3,2,0,0
80569,2025-05-31,West,DHL,Urban,82.1,1,2,1,1
80570,2025-03-02,Northeast,USPS,Rural,552.6,3,4,1,1
80571,2025-05-15,Northeast,USPS,Urban,22.3,2,3,1,1
80572,2025-11-27,Midwest,USPS,Urban,315.3,3,3,0,0
80573,2025-02-08,Midwest,USPS,Rural,336.6,2,3,1,1
80574,2025-09-10,West,DHL,Suburban,97.7,3,1,0,0
80575,2025-04-16,West,FedEx,Rural,12.8,5,6,1,1
80576,2025-08-21,Northeast,UPS,Suburban,61.6,3,5,1,2
80577,2025-12-20,Northeast,UPS,Urban,359.8,3,3,0,0
80578,2025-06-19,West,FedEx,Urban,196.1,3,3,0,0
80579,2025-08-05,Northeast,UPS,Urban,59.8,2,4,1,2
80580,2025-12-14,Midwest,DHL,Urban,208.8,2,3,1,1
80581,2025-01-14,Northeast,USPS,Suburban,425.4,3,2,0,0
80582,2025-01-16,West,USPS,Urban,595.0,3,3,0,0
80583,2025-08-07,Midwest,DHL,Urban,332.5,2,3,1,1
80584,2025-06-18,Northeast,USPS,Suburban,492.5,2,4,1,2
80585,2025-01-14,Midwest,UPS,Rural,479.4,2,4,1,2
80586,2025-08-31,West,FedEx,Rural,717.6,2,3,1,1
80587,2025-11-15,Northeast,FedEx,Suburban,147.6,5,6,1,1
80588,2025-01-08,West,UPS,Urban,383.8,3,3,0,0
80589,2025-10-10,South,FedEx,Rural,507.3,2,2,0,0
80590,2025-04-21,West,FedEx,Suburban,418.2,1,3,1,2
80591,2025-02-09,South,USPS,Rural,363.0,1,3,1,2
80592,2025-03-09,Midwest,UPS,Suburban,778.9,2,3,1,1
80593,2025-05-03,Midwest,DHL,Urban,753.9,1,1,0,0
80594,2025-11-13,South,FedEx,Rural,491.1,5,6,1,1
80595,2025-06-15,Midwest,UPS,Suburban,354.5,2,2,0,0
80596,2025-07-22,Midwest,DHL,Urban,605.5,2,3,1,1
80597,2025-05-08,West,DHL,Suburban,412.8,2,2,0,0
80598,2025-12-30,South,USPS,Urban,796.5,3,3,0,0
80599,2025-06-01,Northeast,USPS,Suburban,550.3,3,4,1,1
80600,2025-05-26,Midwest,FedEx,Suburban,59.2,2,2,0,0
80601,2025-02-18,Midwest,UPS,Urban,324.5,2,3,1,1
80602,2025-01-03,Northeast,UPS,Rural,585.6,5,6,1,1
80603,2025-09-08,West,USPS,Suburban,674.7,2,2,0,0
80604,2025-03-18,West,USPS,Urban,651.6,3,3,0,0
80605,2025-08-08,West,USPS,Urban,781.9,2,1,0,0
80606,2025-12-14,Northeast,FedEx,Rural,393.9,3,3,0,0
80607,2025-08-16,West,UPS,Urban,116.4,2,4,1,2
80608,2025-04-28,Midwest,FedEx,Rural,523.5,5,7,1,2
80609,2025-09-24,West,UPS,Urban,61.2,3,3,0,0
80610,2025-08-23,Midwest,USPS,Urban,779.0,2,2,0,0
80611,2025-06-17,Northeast,FedEx,Suburban,608.0,2,1,0,0
80612,2025-09-17,West,DHL,Suburban,785.8,1,2,1,1
80613,2025-07-12,West,FedEx,Urban,304.9,5,6,1,1
80614,2025-07-03,Midwest,FedEx,Rural,17.6,1,3,1,2
80615,2025-01-10,Northeast,DHL,Urban,419.4,1,1,0,0
80616,2025-12-03,West,DHL,Rural,101.3,2,4,1,2
80617,2025-11-23,Northeast,USPS,Suburban,545.3,3,2,0,0
80618,2025-12-25,Midwest,DHL,Urban,400.6,2,2,0,0
80619,2025-05-21,Midwest,DHL,Suburban,604.0,3,3,0,0
80620,2025-01-22,West,FedEx,Rural,236.4,5,7,1,2
80621,2025-11-08,Northeast,FedEx,Suburban,664.2,3,3,0,0
80622,2025-07-12,Midwest,USPS,Suburban,522.4,2,1,0,0
80623,2025-04-02,Northeast,DHL,Urban,790.2,1,1,0,0
80624,2025-04-07,South,UPS,Suburban,147.0,2,5,1,3
80625,2025-05-21,South,FedEx,Rural,45.7,2,2,0,0
80626,2025-09-14,West,USPS,Suburban,681.6,2,4,1,2
80627,2025-02-07,Northeast,FedEx,Suburban,274.1,2,2,0,0
80628,2025-09-04,Northeast,FedEx,Urban,347.8,2,2,0,0
80629,2025-09-13,Midwest,UPS,Rural,740.9,2,2,0,0
80630,2025-10-25,Northeast,USPS,Urban,355.4,3,4,1,1
80631,2025-03-26,Northeast,UPS,Suburban,241.9,2,4,1,2
80632,2025-02-06,Midwest,UPS,Urban,52.3,5,7,1,2
80633,2025-07-04,West,USPS,Suburban,357.1,2,3,1,1
80634,2025-04-08,Midwest,DHL,Suburban,525.7,2,2,0,0
80635,2025-11-14,South,UPS,Suburban,219.0,2,4,1,2
80636,2025-01-30,Northeast,DHL,Rural,575.6,3,4,1,1
80637,2025-07-10,Northeast,FedEx,Urban,385.2,2,2,0,0
80638,2025-12-04,West,USPS,Urban,687.2,2,3,1,1
80639,2025-10-06,South,USPS,Rural,133.6,2,2,0,0
80640,2025-07-20,Northeast,FedEx,Urban,606.9,2,2,0,0
80641,2025-11-18,Midwest,FedEx,Suburban,746.4,5,6,1,1
80642,2025-07-08,Northeast,FedEx,Rural,594.4,1,5,1,4
80643,2025-09-15,West,UPS,Rural,327.7,3,5,1,2
80644,2025-06-04,Midwest,UPS,Urban,188.2,3,5,1,2
80645,2025-11-15,Northeast,UPS,Suburban,83.2,2,2,0,0
80646,2025-08-16,West,UPS,Suburban,515.7,5,6,1,1
80647,2025-01-05,South,UPS,Urban,118.6,2,1,0,0
80648,2025-05-09,Midwest,DHL,Urban,671.5,2,1,0,0
80649,2025-03-15,Midwest,DHL,Rural,768.8,2,3,1,1
80650,2025-12-31,South,UPS,Urban,113.0,3,4,1,1
80651,2025-01-24,Midwest,USPS,Suburban,304.0,5,6,1,1
80652,2025-11-11,West,USPS,Suburban,750.1,3,3,0,0
80653,2025-10-06,South,DHL,Urban,379.2,5,7,1,2
80654,2025-07-25,Northeast,DHL,Urban,430.7,5,6,1,1
80655,2025-05-26,West,USPS,Suburban,599.3,2,1,0,0
80656,2025-03-30,South,USPS,Suburban,172.4,2,1,0,0
80657,2025-01-22,Northeast,USPS,Suburban,783.4,2,3,1,1
80658,2025-10-27,West,DHL,Urban,625.8,3,3,0,0
80659,2025-02-13,West,DHL,Urban,133.3,1,2,1,1
80660,2025-02-06,Midwest,USPS,Urban,93.3,3,3,0,0
80661,2025-01-07,Midwest,DHL,Urban,748.3,5,5,0,0
80662,2025-10-07,South,UPS,Urban,549.6,3,3,0,0
80663,2025-06-18,Northeast,USPS,Suburban,35.7,3,3,0,0
80664,2025-03-11,West,FedEx,Urban,117.9,3,4,1,1
80665,2025-08-01,West,USPS,Urban,43.0,3,2,0,0
80666,2025-03-12,South,DHL,Urban,779.4,2,2,0,0
80667,2025-07-26,Midwest,FedEx,Suburban,400.8,2,4,1,2
80668,2025-03-13,West,FedEx,Suburban,372.4,1,1,0,0
80669,2025-11-12,West,USPS,Urban,764.8,2,3,1,1
80670,2025-06-29,Midwest,UPS,Suburban,406.2,2,2,0,0
80671,2025-07-27,Northeast,UPS,Suburban,416.6,2,2,0,0
80672,2025-06-26,Northeast,DHL,Urban,787.4,3,3,0,0
80673,2025-07-14,Midwest,FedEx,Rural,93.6,2,4,1,2
80674,2025-10-28,West,UPS,Urban,788.7,3,3,0,0
80675,2025-08-27,Midwest,DHL,Urban,136.7,3,2,0,0
80676,2025-06-03,Northeast,FedEx,Suburban,381.0,5,4,0,0
80677,2025-06-03,South,DHL,Urban,273.4,2,2,0,0
80678,2025-01-30,South,UPS,Urban,764.6,2,3,1,1
80679,2025-01-27,Northeast,DHL,Rural,391.0,3,3,0,0
80680,2025-08-28,Northeast,DHL,Suburban,23.3,3,3,0,0
80681,2025-08-31,Northeast,UPS,Urban,181.2,3,3,0,0
80682,2025-05-12,Midwest,UPS,Rural,347.5,5,6,1,1
80683,2025-06-28,South,DHL,Urban,542.7,2,2,0,0
80684,2025-12-05,Northeast,UPS,Urban,451.7,2,1,0,0
80685,2025-04-08,West,USPS,Urban,680.7,2,2,0,0
80686,2025-11-22,South,USPS,Suburban,663.6,5,5,0,0
80687,2025-08-25,Midwest,USPS,Urban,474.5,1,3,1,2
80688,2025-12-01,West,FedEx,Suburban,459.2,1,1,0,0
80689,2025-05-18,Midwest,USPS,Urban,226.1,2,1,0,0
80690,2025-04-28,Northeast,USPS,Suburban,766.5,3,4,1,1
80691,2025-04-16,Northeast,USPS,Urban,66.1,3,4,1,1
80692,2025-02-05,Northeast,UPS,Urban,320.6,2,1,0,0
80693,2025-02-15,West,UPS,Rural,530.4,2,5,1,3
80694,2025-04-14,Northeast,UPS,Urban,756.8,2,3,1,1
80695,2025-12-30,South,UPS,Suburban,403.7,3,4,1,1
80696,2025-12-26,Northeast,UPS,Urban,717.3,2,3,1,1
80697,2025-03-11,South,USPS,Suburban,88.3,2,3,1,1
80698,2025-07-26,West,USPS,Urban,427.6,3,3,0,0
80699,2025-08-09,Midwest,UPS,Suburban,256.3,5,6,1,1
80700,2025-03-30,Midwest,DHL,Suburban,637.6,2,2,0,0
80701,2025-01-03,South,UPS,Urban,358.8,2,4,1,2
80702,2025-10-25,West,USPS,Urban,382.8,2,1,0,0
80703,2025-08-19,South,USPS,Suburban,56.5,2,1,0,0
80704,2025-04-28,Northeast,UPS,Urban,353.2,3,4,1,1
80705,2025-11-07,Northeast,FedEx,Rural,69.3,2,3,1,1
80706,2025-04-24,Northeast,DHL,Urban,243.2,3,3,0,0
80707,2025-07-21,Midwest,UPS,Urban,105.9,3,4,1,1
80708,2025-01-30,South,USPS,Urban,270.9,2,1,0,0
80709,2025-12-30,West,DHL,Urban,185.8,3,2,0,0
80710,2025-09-04,South,FedEx,Urban,231.7,2,2,0,0
80711,2025-03-22,South,DHL,Urban,123.0,2,3,1,1
80712,2025-09-03,South,UPS,Urban,354.5,5,5,0,0
80713,2025-07-03,Northeast,USPS,Urban,400.6,3,1,0,0
80714,2025-09-30,Northeast,USPS,Urban,670.1,5,6,1,1
80715,2025-02-02,South,USPS,Urban,433.4,3,4,1,1
80716,2025-04-12,Northeast,DHL,Urban,186.9,2,1,0,0
80717,2025-10-04,Midwest,UPS,Urban,590.0,5,5,0,0
80718,2025-04-21,Northeast,UPS,Suburban,241.3,2,3,1,1
80719,2025-07-25,Midwest,DHL,Suburban,606.3,5,4,0,0
80720,2025-09-23,Midwest,DHL,Rural,312.8,5,6,1,1
80721,2025-08-03,South,FedEx,Urban,413.4,3,3,0,0
80722,2025-04-13,South,USPS,Urban,405.5,1,4,1,3
80723,2025-10-22,Northeast,DHL,Urban,764.7,5,4,0,0
80724,2025-03-19,West,USPS,Urban,127.2,3,1,0,0
80725,2025-06-24,South,FedEx,Rural,751.2,3,5,1,2
80726,2025-12-08,Midwest,UPS,Urban,451.8,3,3,0,0
80727,2025-02-21,Midwest,USPS,Suburban,795.0,2,1,0,0
80728,2025-10-24,Northeast,DHL,Urban,460.6,2,2,0,0
80729,2025-06-24,Midwest,DHL,Rural,526.8,3,6,1,3
80730,2025-12-09,South,FedEx,Suburban,600.9,1,1,0,0
80731,2025-07-18,Northeast,USPS,Urban,658.3,3,5,1,2
80732,2025-03-29,Northeast,UPS,Rural,384.7,2,2,0,0
80733,2025-06-20,West,UPS,Rural,544.5,2,4,1,2
80734,2025-02-06,Northeast,DHL,Urban,493.8,2,1,0,0
80735,2025-05-03,West,FedEx,Urban,328.6,1,3,1,2
80736,2025-07-20,South,DHL,Urban,657.5,3,5,1,2
80737,2025-03-05,Midwest,DHL,Suburban,158.0,3,2,0,0
80738,2025-07-07,South,DHL,Urban,137.9,2,3,1,1
80739,2025-08-03,Northeast,DHL,Rural,590.5,3,4,1,1
80740,2025-08-31,West,FedEx,Suburban,511.8,3,4,1,1
80741,2025-05-30,Midwest,DHL,Rural,257.5,3,3,0,0
80742,2025-05-04,Northeast,USPS,Suburban,509.9,2,2,0,0
80743,2025-07-17,South,DHL,Suburban,617.7,2,2,0,0
80744,2025-02-05,Northeast,DHL,Urban,177.5,2,4,1,2
80745,2025-10-29,West,UPS,Rural,467.2,1,2,1,1
80746,2025-10-05,South,UPS,Suburban,660.6,5,4,0,0
80747,2025-02-04,Northeast,FedEx,Suburban,331.9,5,6,1,1
80748,2025-04-23,West,FedEx,Urban,459.5,3,2,0,0
80749,2025-06-24,Northeast,USPS,Rural,67.4,2,1,0,0
80750,2025-02-02,West,DHL,Urban,665.2,2,2,0,0
80751,2025-08-01,Northeast,UPS,Rural,637.9,3,4,1,1
80752,2025-07-22,South,USPS,Urban,367.7,2,3,1,1
80753,2025-09-11,South,USPS,Suburban,99.8,5,5,0,0
80754,2025-02-25,South,FedEx,Rural,530.0,2,5,1,3
80755,2025-11-19,South,UPS,Suburban,460.5,2,4,1,2
80756,2025-01-13,South,DHL,Suburban,736.0,5,4,0,0
80757,2025-02-19,Midwest,FedEx,Urban,227.4,5,6,1,1
80758,2025-09-05,Northeast,USPS,Urban,30.7,5,8,1,3
80759,2025-08-21,South,USPS,Suburban,207.5,2,4,1,2
80760,2025-01-28,Midwest,UPS,Urban,345.2,3,5,1,2
80761,2025-04-14,Midwest,UPS,Urban,128.6,2,2,0,0
80762,2025-12-20,Northeast,DHL,Urban,783.9,2,1,0,0
80763,2025-04-06,West,UPS,Urban,181.8,2,1,0,0
80764,2025-12-09,Northeast,UPS,Suburban,543.9,5,6,1,1
80765,2025-12-10,Northeast,FedEx,Urban,366.0,1,2,1,1
80766,2025-07-12,West,FedEx,Suburban,446.3,3,3,0,0
80767,2025-05-05,West,DHL,Urban,746.5,3,4,1,1
80768,2025-03-22,South,FedEx,Urban,427.6,3,5,1,2
80769,2025-01-07,West,DHL,Urban,247.7,2,4,1,2
80770,2025-11-26,West,FedEx,Urban,180.5,1,2,1,1
80771,2025-03-24,Northeast,USPS,Urban,714.1,5,6,1,1
80772,2025-01-24,Northeast,FedEx,Urban,789.4,3,3,0,0
80773,2025-04-24,Northeast,DHL,Urban,205.2,3,3,0,0
80774,2025-01-15,West,FedEx,Urban,578.9,2,3,1,1
80775,2025-04-23,Midwest,UPS,Urban,407.1,1,1,0,0
80776,2025-12-08,South,USPS,Suburban,560.4,2,1,0,0
80777,2025-09-07,Northeast,FedEx,Suburban,771.6,1,2,1,1
80778,2025-05-25,Midwest,USPS,Urban,224.5,1,1,0,0
80779,2025-01-19,South,USPS,Urban,593.3,2,2,0,0
80780,2025-01-09,Northeast,USPS,Suburban,353.2,3,4,1,1
80781,2025-11-16,Midwest,USPS,Suburban,523.8,3,4,1,1
80782,2025-07-04,South,UPS,Suburban,328.3,3,5,1,2
80783,2025-02-07,Northeast,UPS,Urban,568.1,5,6,1,1
80784,2025-07-30,Northeast,DHL,Suburban,273.3,3,3,0,0
80785,2025-05-14,Midwest,DHL,Rural,393.2,1,3,1,2
80786,2025-04-12,West,DHL,Urban,568.5,2,4,1,2
80787,2025-05-29,West,DHL,Urban,39.0,1,1,0,0
80788,2025-04-03,Northeast,USPS,Urban,265.8,3,5,1,2
80789,2025-10-17,Midwest,USPS,Suburban,439.2,1,2,1,1
80790,2025-05-20,West,USPS,Urban,63.9,1,3,1,2
80791,2025-10-22,West,UPS,Urban,564.0,1,3,1,2
80792,2025-12-18,West,UPS,Suburban,651.6,5,5,0,0
80793,2025-09-19,Midwest,USPS,Urban,134.8,3,5,1,2
80794,2025-03-22,Midwest,USPS,Rural,588.1,2,3,1,1
80795,2025-02-01,South,USPS,Urban,518.7,2,3,1,1
80796,2025-07-07,West,USPS,Suburban,331.6,1,3,1,2
80797,2025-05-16,Midwest,UPS,Urban,136.2,2,2,0,0
80798,2025-06-15,South,FedEx,Suburban,764.1,2,3,1,1
80799,2025-05-27,Northeast,DHL,Rural,373.9,2,3,1,1
80800,2025-09-02,South,DHL,Urban,151.0,3,3,0,0
80801,2025-07-02,West,FedEx,Rural,575.9,2,4,1,2
80802,2025-01-09,Midwest,UPS,Suburban,488.3,5,7,1,2
80803,2025-06-05,West,UPS,Suburban,653.9,2,3,1,1
80804,2025-11-14,West,FedEx,Urban,796.9,5,4,0,0
80805,2025-06-25,Northeast,DHL,Suburban,40.7,3,3,0,0
80806,2025-04-24,Midwest,DHL,Urban,592.8,5,5,0,0
80807,2025-08-31,Midwest,FedEx,Rural,791.4,3,7,1,4
80808,2025-06-16,Northeast,FedEx,Suburban,432.9,3,2,0,0
80809,2025-08-11,Midwest,USPS,Suburban,574.0,2,1,0,0
80810,2025-07-10,South,FedEx,Rural,355.7,2,3,1,1
80811,2025-10-02,West,FedEx,Urban,288.6,2,3,1,1
80812,2025-10-16,Northeast,DHL,Rural,558.7,2,3,1,1
80813,2025-03-05,Northeast,USPS,Suburban,790.5,2,3,1,1
80814,2025-10-09,West,USPS,Urban,77.9,1,1,0,0
80815,2025-06-22,Northeast,DHL,Suburban,340.6,2,2,0,0
80816,2025-09-14,Midwest,DHL,Suburban,752.8,3,2,0,0
80817,2025-07-22,Midwest,UPS,Suburban,94.7,5,6,1,1
80818,2025-03-18,West,USPS,Urban,522.5,3,2,0,0
80819,2025-04-13,Northeast,FedEx,Urban,347.0,2,2,0,0
80820,2025-08-14,South,USPS,Urban,304.6,2,2,0,0
80821,2025-08-14,West,UPS,Rural,171.5,2,4,1,2
80822,2025-08-15,Midwest,FedEx,Urban,145.2,2,2,0,0
80823,2025-04-06,Midwest,UPS,Rural,415.4,5,5,0,0
80824,2025-03-17,Midwest,DHL,Urban,305.1,1,3,1,2
80825,2025-02-02,South,UPS,Urban,395.8,2,1,0,0
80826,2025-03-23,Midwest,DHL,Urban,160.8,3,4,1,1
80827,2025-03-10,West,UPS,Rural,283.4,2,3,1,1
80828,2025-12-05,West,DHL,Urban,797.2,5,8,1,3
80829,2025-08-07,West,USPS,Urban,297.6,2,3,1,1
80830,2025-12-28,Midwest,DHL,Rural,333.1,5,7,1,2
80831,2025-12-24,South,USPS,Suburban,20.8,3,2,0,0
80832,2025-10-29,South,DHL,Rural,307.8,1,2,1,1
80833,2025-04-30,Midwest,UPS,Rural,611.9,2,3,1,1
80834,2025-02-17,Northeast,UPS,Rural,414.9,1,4,1,3
80835,2025-03-09,Northeast,UPS,Suburban,527.4,2,2,0,0
80836,2025-12-05,West,DHL,Suburban,447.5,5,3,0,0
80837,2025-03-26,South,DHL,Suburban,88.9,3,3,0,0
80838,2025-10-03,Midwest,UPS,Urban,269.1,3,2,0,0
80839,2025-09-13,South,USPS,Suburban,556.9,2,3,1,1
80840,2025-07-24,South,DHL,Urban,440.6,2,4,1,2
80841,2025-08-21,Northeast,USPS,Rural,541.6,2,4,1,2
80842,2025-03-06,South,DHL,Suburban,291.3,1,1,0,0
80843,2025-11-13,South,UPS,Rural,159.0,2,5,1,3
80844,2025-03-20,Midwest,USPS,Urban,664.7,2,2,0,0
80845,2025-01-14,Midwest,FedEx,Suburban,304.2,2,1,0,0
80846,2025-11-21,South,DHL,Suburban,525.7,2,4,1,2
80847,2025-11-01,South,USPS,Rural,308.1,5,6,1,1
80848,2025-06-18,Midwest,UPS,Urban,742.2,1,2,1,1
80849,2025-06-08,Northeast,USPS,Urban,793.6,1,3,1,2
80850,2025-04-26,Midwest,FedEx,Suburban,520.9,3,2,0,0
80851,2025-12-12,Midwest,FedEx,Suburban,483.7,3,3,0,0
80852,2025-07-11,Midwest,USPS,Urban,673.5,5,5,0,0
80853,2025-12-11,Midwest,FedEx,Rural,415.4,2,3,1,1
80854,2025-07-02,Midwest,DHL,Urban,696.3,2,2,0,0
80855,2025-08-19,Northeast,FedEx,Suburban,333.3,5,6,1,1
80856,2025-06-17,West,USPS,Urban,30.4,5,6,1,1
80857,2025-01-15,Midwest,USPS,Urban,741.6,5,5,0,0
80858,2025-07-12,Midwest,DHL,Rural,578.6,5,6,1,1
80859,2025-08-21,Northeast,DHL,Suburban,411.1,1,1,0,0
80860,2025-09-20,West,USPS,Rural,756.2,5,6,1,1
80861,2025-02-23,South,UPS,Rural,710.0,5,4,0,0
80862,2025-06-29,Northeast,DHL,Rural,91.2,3,5,1,2
80863,2025-01-04,Midwest,UPS,Suburban,501.4,3,3,0,0
80864,2025-09-14,South,FedEx,Rural,432.8,3,3,0,0
80865,2025-12-27,Northeast,FedEx,Urban,622.3,2,1,0,0
80866,2025-11-18,South,DHL,Urban,244.1,3,4,1,1
80867,2025-08-28,Northeast,DHL,Urban,11.5,5,5,0,0
80868,2025-06-12,Northeast,USPS,Urban,152.4,2,3,1,1
80869,2025-12-03,South,FedEx,Rural,172.7,3,3,0,0
80870,2025-05-18,West,DHL,Suburban,236.7,2,3,1,1
80871,2025-11-20,South,USPS,Rural,299.5,2,3,1,1
80872,2025-08-17,South,UPS,Urban,566.7,3,4,1,1
80873,2025-04-12,West,USPS,Rural,64.0,2,4,1,2
80874,2025-07-12,South,FedEx,Urban,391.8,2,1,0,0
80875,2025-11-03,West,USPS,Rural,401.4,5,6,1,1
80876,2025-01-30,West,USPS,Rural,494.6,5,6,1,1
80877,2025-10-22,West,DHL,Urban,251.9,1,1,0,0
80878,2025-09-04,Midwest,USPS,Suburban,211.5,3,3,0,0
80879,2025-08-09,Northeast,FedEx,Suburban,389.7,2,1,0,0
80880,2025-06-21,Midwest,USPS,Urban,529.4,2,3,1,1
80881,2025-06-09,Northeast,USPS,Urban,40.5,2,4,1,2
80882,2025-06-21,Midwest,FedEx,Rural,238.4,2,4,1,2
80883,2025-03-04,West,UPS,Suburban,630.9,2,3,1,1
80884,2025-03-02,Midwest,UPS,Urban,389.9,1,2,1,1
80885,2025-03-06,Northeast,FedEx,Urban,761.7,2,2,0,0
80886,2025-06-18,Midwest,UPS,Suburban,694.7,3,6,1,3
80887,2025-03-22,South,USPS,Urban,278.4,1,1,0,0
80888,2025-09-04,South,DHL,Suburban,582.4,2,1,0,0
80889,2025-09-25,West,FedEx,Suburban,223.1,1,2,1,1
80890,2025-09-15,Midwest,USPS,Urban,144.4,2,3,1,1
80891,2025-03-14,Midwest,DHL,Suburban,705.4,1,1,0,0
80892,2025-11-28,Northeast,USPS,Suburban,283.4,2,2,0,0
80893,2025-07-07,Northeast,FedEx,Rural,166.7,3,4,1,1
80894,2025-01-25,Midwest,USPS,Suburban,772.2,3,3,0,0
80895,2025-08-16,Northeast,FedEx,Rural,29.7,3,5,1,2
80896,2025-04-28,South,USPS,Urban,296.7,2,2,0,0
80897,2025-04-18,South,DHL,Suburban,35.5,5,5,0,0
80898,2025-08-30,West,DHL,Urban,405.8,2,2,0,0
80899,2025-04-09,South,DHL,Suburban,323.9,1,2,1,1
80900,2025-01-22,Northeast,UPS,Suburban,577.9,5,6,1,1
80901,2025-02-25,Northeast,USPS,Rural,763.5,1,2,1,1
80902,2025-05-29,Northeast,USPS,Rural,418.2,5,4,0,0
80903,2025-11-07,Northeast,DHL,Rural,231.9,2,3,1,1
80904,2025-02-09,Midwest,FedEx,Urban,698.4,1,2,1,1
80905,2025-05-30,Midwest,UPS,Urban,485.6,5,6,1,1
80906,2025-05-01,Midwest,USPS,Urban,445.0,1,1,0,0
80907,2025-09-17,Midwest,USPS,Urban,154.9,2,2,0,0
80908,2025-01-26,South,UPS,Urban,37.3,2,2,0,0
80909,2025-04-22,Northeast,UPS,Suburban,371.8,3,5,1,2
80910,2025-01-23,South,DHL,Rural,424.8,1,1,0,0
80911,2025-06-18,Northeast,UPS,Suburban,106.0,3,4,1,1
80912,2025-11-10,Midwest,DHL,Rural,52.2,3,3,0,0
80913,2025-09-21,South,UPS,Rural,176.8,1,1,0,0
80914,2025-04-26,Northeast,UPS,Urban,55.2,3,3,0,0
80915,2025-11-03,Midwest,USPS,Rural,49.6,5,4,0,0
80916,2025-08-19,West,DHL,Urban,358.1,5,4,0,0
80917,2025-07-08,Northeast,UPS,Suburban,649.1,2,1,0,0
80918,2025-09-14,West,UPS,Urban,532.9,3,4,1,1
80919,2025-04-30,Northeast,USPS,Urban,545.1,3,5,1,2
80920,2025-10-13,Midwest,FedEx,Urban,213.6,5,4,0,0
80921,2025-09-30,South,USPS,Urban,13.8,2,2,0,0
80922,2025-12-24,Northeast,DHL,Rural,363.3,2,3,1,1
80923,2025-06-01,West,FedEx,Rural,304.8,1,2,1,1
80924,2025-03-27,Midwest,UPS,Suburban,758.1,2,5,1,3
80925,2025-11-21,Northeast,DHL,Suburban,62.3,1,2,1,1
80926,2025-12-11,West,FedEx,Urban,622.3,3,2,0,0
80927,2025-11-23,Northeast,DHL,Suburban,311.4,1,2,1,1
80928,2025-09-03,West,USPS,Urban,664.5,3,5,1,2
80929,2025-11-10,Northeast,FedEx,Urban,398.5,1,1,0,0
80930,2025-11-11,South,FedEx,Urban,657.3,2,3,1,1
80931,2025-10-20,South,FedEx,Suburban,376.1,2,2,0,0
80932,2025-06-11,South,UPS,Suburban,324.5,3,2,0,0
80933,2025-04-10,South,USPS,Urban,771.1,2,2,0,0
80934,2025-07-04,Midwest,FedEx,Urban,298.2,3,5,1,2
80935,2025-10-03,South,DHL,Suburban,645.2,1,2,1,1
80936,2025-01-17,Northeast,UPS,Suburban,58.3,1,2,1,1
80937,2025-09-17,Midwest,USPS,Suburban,54.8,2,1,0,0
80938,2025-09-02,Northeast,USPS,Urban,353.3,2,3,1,1
80939,2025-11-02,West,USPS,Urban,470.5,1,3,1,2
80940,2025-12-04,South,USPS,Urban,488.8,2,1,0,0
80941,2025-02-19,Northeast,UPS,Suburban,33.9,3,3,0,0
80942,2025-09-29,Northeast,USPS,Suburban,558.9,2,4,1,2
80943,2025-08-23,Northeast,DHL,Suburban,108.3,2,3,1,1
80944,2025-03-13,West,DHL,Suburban,764.5,1,2,1,1
80945,2025-11-13,West,DHL,Suburban,270.2,2,2,0,0
80946,2025-02-13,West,FedEx,Suburban,212.8,2,4,1,2
80947,2025-11-02,Northeast,USPS,Urban,236.6,3,4,1,1
80948,2025-03-21,West,DHL,Urban,750.2,5,6,1,1
80949,2025-10-13,South,USPS,Rural,388.9,2,3,1,1
80950,2025-02-18,West,UPS,Suburban,350.6,3,2,0,0
80951,2025-04-08,West,DHL,Urban,454.9,3,2,0,0
80952,2025-01-25,Northeast,FedEx,Suburban,745.0,2,1,0,0
80953,2025-08-02,Northeast,FedEx,Urban,250.1,1,1,0,0
80954,2025-02-25,Northeast,UPS,Suburban,148.8,2,3,1,1
80955,2025-09-12,Northeast,DHL,Rural,478.4,2,3,1,1
80956,2025-06-05,South,UPS,Urban,395.9,3,3,0,0
80957,2025-06-10,Northeast,FedEx,Urban,54.3,1,3,1,2
80958,2025-07-13,Midwest,FedEx,Suburban,419.9,3,3,0,0
80959,2025-01-04,Midwest,USPS,Suburban,452.1,3,4,1,1
80960,2025-09-25,Northeast,UPS,Urban,556.8,2,2,0,0
80961,2025-02-05,Northeast,FedEx,Suburban,796.5,2,1,0,0
80962,2025-01-16,South,DHL,Urban,340.2,3,3,0,0
80963,2025-05-17,Midwest,DHL,Urban,410.6,5,5,0,0
80964,2025-03-19,West,FedEx,Suburban,64.6,3,2,0,0
80965,2025-11-07,South,UPS,Suburban,666.1,1,1,0,0
80966,2025-03-14,West,UPS,Suburban,83.0,2,2,0,0
80967,2025-11-16,Northeast,DHL,Urban,747.4,5,7,1,2
80968,2025-09-02,Midwest,FedEx,Suburban,282.1,3,3,0,0
80969,2025-12-12,West,DHL,Urban,273.4,1,1,0,0
80970,2025-08-16,Midwest,UPS,Suburban,266.2,3,2,0,0
80971,2025-07-14,West,FedEx,Urban,760.6,2,1,0,0
80972,2025-09-03,South,DHL,Rural,784.2,2,4,1,2
80973,2025-03-30,Northeast,FedEx,Suburban,778.7,2,3,1,1
80974,2025-09-17,Midwest,USPS,Suburban,565.3,3,1,0,0
80975,2025-10-13,South,DHL,Rural,93.3,2,5,1,3
80976,2025-05-19,Midwest,DHL,Rural,312.2,2,3,1,1
80977,2025-02-20,West,USPS,Urban,235.0,3,5,1,2
80978,2025-05-27,West,UPS,Suburban,568.2,3,3,0,0
80979,2025-08-30,Northeast,DHL,Urban,396.7,2,1,0,0
80980,2025-11-30,West,DHL,Urban,495.1,2,2,0,0
80981,2025-08-20,Northeast,UPS,Rural,11.9,1,2,1,1
80982,2025-01-27,Northeast,FedEx,Rural,627.4,2,3,1,1
80983,2025-12-10,South,USPS,Urban,761.9,2,4,1,2
80984,2025-07-27,Northeast,UPS,Urban,537.2,1,1,0,0
80985,2025-05-18,South,FedEx,Urban,682.3,2,3,1,1
80986,2025-06-04,Midwest,USPS,Urban,385.2,5,6,1,1
80987,2025-01-07,West,FedEx,Suburban,21.1,5,6,1,1
80988,2025-04-25,West,DHL,Suburban,792.4,2,1,0,0
80989,2025-04-02,West,USPS,Urban,51.8,2,2,0,0
80990,2025-12-12,Northeast,FedEx,Urban,158.3,2,3,1,1
80991,2025-03-23,South,USPS,Rural,46.7,1,1,0,0
80992,2025-01-13,South,FedEx,Urban,501.8,3,1,0,0
80993,2025-03-13,South,FedEx,Urban,468.7,3,4,1,1
80994,2025-04-01,Northeast,DHL,Suburban,171.7,5,6,1,1
80995,2025-07-07,West,UPS,Urban,765.5,5,5,0,0
80996,2025-04-15,West,USPS,Suburban,731.2,5,5,0,0
80997,2025-10-27,South,DHL,Urban,227.4,1,2,1,1
80998,2025-03-25,Northeast,USPS,Rural,528.8,5,7,1,2
80999,2025-01-28,West,UPS,Urban,684.9,2,2,0,0
81000,2025-10-06,Northeast,DHL,Urban,291.0,5,4,0,0
81001,2025-01-12,Midwest,UPS,Suburban,206.6,2,4,1,2
81002,2025-11-03,Midwest,DHL,Rural,208.7,2,2,0,0
81003,2025-12-30,Northeast,DHL,Suburban,657.3,1,2,1,1
81004,2025-05-30,Midwest,DHL,Urban,373.1,1,3,1,2
81005,2025-11-14,West,DHL,Urban,573.7,3,3,0,0
81006,2025-01-26,South,FedEx,Suburban,522.0,5,5,0,0
81007,2025-08-02,Northeast,USPS,Suburban,248.4,2,1,0,0
81008,2025-11-10,Midwest,FedEx,Suburban,170.4,1,1,0,0
81009,2025-08-28,South,FedEx,Suburban,105.0,2,1,0,0
81010,2025-08-10,West,FedEx,Suburban,24.0,2,3,1,1
81011,2025-03-09,West,DHL,Urban,69.6,2,1,0,0
81012,2025-09-19,Northeast,DHL,Rural,208.7,1,1,0,0
81013,2025-04-21,South,UPS,Rural,572.3,2,3,1,1
81014,2025-05-10,West,USPS,Suburban,128.2,5,6,1,1
81015,2025-06-08,Northeast,UPS,Rural,421.1,5,6,1,1
81016,2025-10-07,Midwest,UPS,Urban,199.9,2,4,1,2
81017,2025-10-18,South,USPS,Suburban,411.9,5,5,0,0
81018,2025-10-30,West,USPS,Urban,601.3,2,5,1,3
81019,2025-01-31,Midwest,UPS,Rural,216.5,3,3,0,0
81020,2025-03-30,South,UPS,Suburban,281.6,3,3,0,0
81021,2025-11-28,South,UPS,Suburban,579.8,1,3,1,2
81022,2025-04-28,South,DHL,Rural,439.3,2,3,1,1
81023,2025-05-10,West,USPS,Suburban,80.2,5,6,1,1
81024,2025-07-26,South,USPS,Urban,607.7,1,1,0,0
81025,2025-12-26,Midwest,FedEx,Urban,225.6,2,1,0,0
81026,2025-02-28,West,DHL,Urban,311.1,5,6,1,1
81027,2025-04-06,South,DHL,Urban,199.9,1,1,0,0
81028,2025-11-15,Midwest,USPS,Urban,437.0,2,1,0,0
81029,2025-09-03,West,DHL,Urban,567.7,5,5,0,0
81030,2025-05-25,South,UPS,Urban,643.6,5,7,1,2
81031,2025-11-06,Northeast,USPS,Urban,738.1,5,6,1,1
81032,2025-05-05,Northeast,USPS,Urban,290.6,2,2,0,0
81033,2025-01-22,South,DHL,Suburban,746.4,1,2,1,1
81034,2025-12-19,Northeast,USPS,Suburban,495.5,3,1,0,0
81035,2025-10-12,West,DHL,Urban,314.7,3,3,0,0
81036,2025-07-26,South,DHL,Urban,710.4,3,4,1,1
81037,2025-09-15,Midwest,DHL,Rural,465.8,5,6,1,1
81038,2025-10-25,Northeast,UPS,Rural,366.2,5,7,1,2
81039,2025-02-21,South,DHL,Suburban,14.1,3,4,1,1
81040,2025-02-07,West,DHL,Rural,575.4,1,2,1,1
81041,2025-06-02,South,FedEx,Suburban,66.5,1,1,0,0
81042,2025-11-29,Midwest,FedEx,Urban,235.1,2,3,1,1
81043,2025-08-04,Midwest,UPS,Urban,769.5,2,2,0,0
81044,2025-08-11,South,UPS,Urban,128.4,1,1,0,0
81045,2025-05-23,South,DHL,Suburban,252.9,3,3,0,0
81046,2025-04-15,South,FedEx,Urban,746.2,3,4,1,1
81047,2025-01-10,South,UPS,Suburban,273.5,3,2,0,0
81048,2025-08-30,West,USPS,Suburban,266.3,2,1,0,0
81049,2025-04-24,South,USPS,Urban,520.1,2,1,0,0
81050,2025-08-21,West,DHL,Urban,109.4,2,3,1,1
81051,2025-03-10,South,FedEx,Urban,778.3,3,3,0,0
81052,2025-12-31,West,USPS,Suburban,223.6,3,4,1,1
81053,2025-02-13,Midwest,FedEx,Rural,629.6,2,4,1,2
81054,2025-06-18,Northeast,UPS,Suburban,233.7,2,3,1,1
81055,2025-07-30,South,FedEx,Urban,223.9,2,3,1,1
81056,2025-10-03,South,DHL,Urban,50.7,5,5,0,0
81057,2025-04-17,Midwest,FedEx,Rural,99.9,1,3,1,2
81058,2025-06-16,Northeast,USPS,Urban,420.0,3,4,1,1
81059,2025-07-24,Midwest,FedEx,Urban,463.6,1,1,0,0
81060,2025-04-29,Midwest,FedEx,Suburban,653.6,2,2,0,0
81061,2025-04-19,South,FedEx,Urban,52.9,2,2,0,0
81062,2025-08-27,South,UPS,Rural,288.1,5,7,1,2
81063,2025-01-08,Midwest,DHL,Suburban,164.1,1,1,0,0
81064,2025-02-12,South,USPS,Rural,289.5,5,6,1,1
81065,2025-10-24,South,USPS,Suburban,286.7,3,5,1,2
81066,2025-05-12,South,FedEx,Suburban,286.7,3,4,1,1
81067,2025-07-25,Northeast,FedEx,Rural,251.2,2,3,1,1
81068,2025-10-07,Northeast,UPS,Suburban,612.4,5,4,0,0
81069,2025-08-27,South,DHL,Urban,553.3,2,3,1,1
81070,2025-10-04,Midwest,USPS,Urban,276.5,2,1,0,0
81071,2025-02-15,Northeast,DHL,Urban,121.5,3,2,0,0
81072,2025-07-17,Midwest,USPS,Urban,417.0,2,2,0,0
81073,2025-05-01,West,FedEx,Suburban,735.5,2,2,0,0
81074,2025-10-27,West,UPS,Urban,103.2,5,7,1,2
81075,2025-08-08,South,UPS,Urban,603.7,3,4,1,1
81076,2025-12-22,Midwest,FedEx,Urban,481.5,2,3,1,1
81077,2025-10-16,Midwest,FedEx,Rural,472.9,2,3,1,1
81078,2025-04-04,West,FedEx,Suburban,748.1,3,3,0,0
81079,2025-10-19,Northeast,DHL,Suburban,765.0,3,4,1,1
81080,2025-06-02,Midwest,FedEx,Urban,198.9,2,3,1,1
81081,2025-01-13,Midwest,DHL,Urban,647.7,2,3,1,1
81082,2025-07-26,Northeast,FedEx,Urban,498.5,2,3,1,1
81083,2025-09-12,South,UPS,Suburban,330.0,2,2,0,0
81084,2025-06-07,West,DHL,Urban,534.2,5,5,0,0
81085,2025-09-27,Midwest,UPS,Rural,765.0,5,4,0,0
81086,2025-11-02,South,FedEx,Suburban,415.9,2,2,0,0
81087,2025-03-09,South,FedEx,Urban,752.4,2,2,0,0
81088,2025-09-14,South,USPS,Rural,516.1,3,4,1,1
81089,2025-07-08,Northeast,DHL,Suburban,388.9,3,3,0,0
81090,2025-01-03,South,DHL,Suburban,517.1,1,2,1,1
81091,2025-08-25,Midwest,DHL,Urban,484.0,2,1,0,0
81092,2025-05-12,South,DHL,Rural,340.2,2,2,0,0
81093,2025-06-20,South,UPS,Suburban,452.2,5,5,0,0
81094,2025-09-27,South,DHL,Urban,564.1,3,2,0,0
81095,2025-03-30,West,UPS,Suburban,671.9,1,5,1,4
81096,2025-04-13,Midwest,FedEx,Urban,246.9,5,3,0,0
81097,2025-05-05,West,UPS,Rural,16.6,5,7,1,2
81098,2025-03-08,West,DHL,Rural,443.2,2,4,1,2
81099,2025-09-20,South,UPS,Suburban,394.0,3,3,0,0
81100,2025-01-08,South,DHL,Urban,48.1,3,4,1,1
81101,2025-02-13,South,UPS,Suburban,507.8,3,4,1,1
81102,2025-05-15,Northeast,USPS,Urban,753.4,3,4,1,1
81103,2025-09-05,Midwest,DHL,Urban,324.8,3,1,0,0
81104,2025-10-31,Northeast,UPS,Suburban,716.0,5,6,1,1
81105,2025-11-14,Midwest,DHL,Urban,651.4,2,3,1,1
81106,2025-01-25,South,FedEx,Suburban,133.6,1,4,1,3
81107,2025-07-15,Midwest,UPS,Urban,630.9,1,1,0,0
81108,2025-07-11,Midwest,UPS,Rural,415.8,1,2,1,1
81109,2025-05-02,West,USPS,Urban,735.3,2,2,0,0
81110,2025-09-17,Midwest,DHL,Suburban,155.6,2,2,0,0
81111,2025-02-16,Midwest,UPS,Suburban,104.4,5,4,0,0
81112,2025-07-28,West,USPS,Urban,196.8,5,7,1,2
81113,2025-10-28,Northeast,USPS,Suburban,52.4,3,4,1,1
81114,2025-03-30,Midwest,USPS,Suburban,259.5,5,6,1,1
81115,2025-01-03,Northeast,DHL,Suburban,230.0,2,2,0,0
81116,2025-05-25,Northeast,DHL,Urban,335.9,2,2,0,0
81117,2025-01-22,South,UPS,Suburban,373.1,2,2,0,0
81118,2025-02-08,Midwest,DHL,Suburban,120.1,1,1,0,0
81119,2025-10-22,West,DHL,Suburban,497.4,5,6,1,1
81120,2025-04-17,West,FedEx,Rural,182.7,3,4,1,1
81121,2025-04-10,South,DHL,Urban,101.9,1,2,1,1
81122,2025-09-29,West,FedEx,Urban,568.5,2,3,1,1
81123,2025-08-17,Midwest,UPS,Urban,23.1,2,1,0,0
81124,2025-10-12,Northeast,USPS,Urban,297.9,1,1,0,0
81125,2025-07-25,Northeast,FedEx,Urban,119.8,2,4,1,2
81126,2025-03-12,West,UPS,Urban,706.8,3,4,1,1
81127,2025-06-18,West,FedEx,Suburban,660.4,5,5,0,0
81128,2025-07-04,West,DHL,Urban,53.1,5,6,1,1
81129,2025-11-29,Northeast,UPS,Rural,442.6,2,2,0,0
81130,2025-07-27,Midwest,USPS,Urban,239.8,2,4,1,2
81131,2025-12-21,Midwest,FedEx,Rural,158.1,5,5,0,0
81132,2025-09-28,Midwest,DHL,Urban,252.7,3,4,1,1
81133,2025-12-12,Midwest,UPS,Suburban,653.6,3,3,0,0
81134,2025-05-15,Midwest,DHL,Urban,51.0,3,3,0,0
81135,2025-05-26,South,UPS,Suburban,520.3,2,3,1,1
81136,2025-12-11,West,FedEx,Rural,731.1,1,3,1,2
81137,2025-05-29,Midwest,UPS,Suburban,361.2,5,5,0,0
81138,2025-04-26,South,FedEx,Rural,721.7,2,1,0,0
81139,2025-07-06,Midwest,UPS,Urban,725.9,3,2,0,0
81140,2025-01-20,West,DHL,Rural,489.6,2,3,1,1
81141,2025-12-04,Midwest,DHL,Urban,367.4,1,1,0,0
81142,2025-09-01,Midwest,FedEx,Suburban,591.4,2,3,1,1
81143,2025-03-08,Midwest,USPS,Urban,733.4,1,2,1,1
81144,2025-03-03,West,FedEx,Suburban,545.6,1,2,1,1
81145,2025-10-01,Northeast,DHL,Suburban,171.6,2,4,1,2
81146,2025-12-13,West,UPS,Suburban,656.9,3,4,1,1
81147,2025-04-20,Northeast,USPS,Rural,761.5,5,6,1,1
81148,2025-02-25,South,DHL,Urban,331.2,3,3,0,0
81149,2025-03-26,South,USPS,Rural,559.6,1,2,1,1
81150,2025-09-21,Midwest,FedEx,Rural,416.9,3,4,1,1
81151,2025-04-17,Midwest,DHL,Urban,94.0,2,3,1,1
81152,2025-01-12,Midwest,FedEx,Urban,283.1,3,3,0,0
81153,2025-06-25,West,DHL,Urban,135.2,1,2,1,1
81154,2025-12-25,Midwest,DHL,Urban,540.5,2,3,1,1
81155,2025-11-15,Northeast,FedEx,Rural,467.8,5,6,1,1
81156,2025-01-27,South,DHL,Urban,31.7,2,2,0,0
81157,2025-10-18,South,USPS,Urban,54.0,1,1,0,0
81158,2025-05-10,South,USPS,Urban,212.3,2,5,1,3
81159,2025-08-15,Northeast,FedEx,Urban,597.2,2,2,0,0
81160,2025-05-16,Midwest,UPS,Urban,105.8,3,5,1,2
81161,2025-01-20,Northeast,USPS,Urban,167.8,5,7,1,2
81162,2025-09-21,Northeast,DHL,Rural,726.6,3,2,0,0
81163,2025-11-20,West,FedEx,Urban,439.2,3,3,0,0
81164,2025-06-08,West,UPS,Urban,498.6,3,3,0,0
81165,2025-06-09,South,FedEx,Rural,367.3,1,4,1,3
81166,2025-12-08,Northeast,USPS,Suburban,243.3,1,3,1,2
81167,2025-01-26,South,DHL,Urban,203.1,2,1,0,0
81168,2025-03-22,Northeast,USPS,Urban,473.4,1,1,0,0
81169,2025-01-18,South,FedEx,Urban,379.4,3,5,1,2
81170,2025-03-10,South,DHL,Suburban,325.4,1,1,0,0
81171,2025-05-10,Midwest,UPS,Urban,557.0,2,3,1,1
81172,2025-05-15,South,USPS,Suburban,326.3,2,2,0,0
81173,2025-10-30,West,FedEx,Suburban,34.2,2,1,0,0
81174,2025-08-06,Northeast,DHL,Urban,672.5,3,5,1,2
81175,2025-11-06,South,FedEx,Suburban,258.1,5,5,0,0
81176,2025-01-15,Northeast,UPS,Rural,757.4,2,3,1,1
81177,2025-07-05,South,UPS,Rural,704.2,3,3,0,0
81178,2025-07-14,West,USPS,Suburban,191.0,1,1,0,0
81179,2025-07-10,Midwest,UPS,Suburban,772.5,1,1,0,0
81180,2025-08-22,Midwest,UPS,Urban,683.6,1,1,0,0
81181,2025-03-07,Northeast,USPS,Suburban,788.1,2,4,1,2
81182,2025-03-22,South,FedEx,Suburban,544.0,3,4,1,1
81183,2025-02-05,West,USPS,Suburban,744.9,1,2,1,1
81184,2025-08-23,Northeast,USPS,Suburban,553.6,2,2,0,0
81185,2025-01-17,Midwest,DHL,Rural,684.8,1,2,1,1
81186,2025-01-02,Northeast,UPS,Suburban,490.3,3,4,1,1
81187,2025-02-02,Northeast,UPS,Suburban,743.7,3,1,0,0
81188,2025-12-15,South,FedEx,Urban,416.9,3,3,0,0
81189,2025-05-14,West,UPS,Urban,590.6,2,1,0,0
81190,2025-12-22,Midwest,FedEx,Urban,734.0,3,4,1,1
81191,2025-12-10,Midwest,DHL,Suburban,340.8,2,1,0,0
81192,2025-09-24,West,FedEx,Urban,26.0,1,1,0,0
81193,2025-01-05,South,FedEx,Suburban,94.9,3,2,0,0
81194,2025-10-13,West,DHL,Rural,777.7,3,6,1,3
81195,2025-12-13,West,USPS,Rural,699.2,5,8,1,3
81196,2025-04-01,South,DHL,Rural,389.3,5,7,1,2
81197,2025-06-01,South,UPS,Urban,768.9,3,4,1,1
81198,2025-04-28,Midwest,UPS,Urban,152.6,5,5,0,0
81199,2025-03-02,Midwest,DHL,Urban,93.2,3,3,0,0
81200,2025-12-24,South,FedEx,Urban,483.1,1,1,0,0
